{
  "model": {
    "fc_model": {
      "sizes": [144],
      "input_norm": false,
      "activation": null,
      "dropout": 0.1
    },
    "transformer": {
      "N": 2,
      "d_ff": 384,
      "h": 1,
      "positional_encoding" : null,
      "dropout": 0.3
    },
    "post_model": {
      "output_activation": null,
      "d_output": 1
    }
  },
  "data": {
    "path": "/path_to_dataset/",
    "validation_ds_role": "test",
    "num_workers": 1,
    "batch_size": 32,
    "slate_length": 240
  },
  "optimizer": {
    "name": "Adam",
    "args": {
      "lr": 0.001
    }
  },
  "lr_scheduler": {
    "name": "StepLR",
    "args": {
      "step_size": 50,
      "gamma": 0.1
    }
  },
  "training": {
    "epochs": 2,
    "early_stopping_patience": 100,
    "gradient_clipping_norm": null
  },
  "val_metric": "ndcg_5",
  "metrics": [
     "ndcg_1",
    "ndcg_2",
    "ndcg_3",
    "ndcg_4",
    "ndcg_5",
    "ndcg_6",
    "ndcg_7",
    "ndcg_8",
    "ndcg_9",
    "ndcg_10",
    "ndcg_20",
    "mrr_1",
    "mrr_2",
    "mrr_3",
    "mrr_4",
    "mrr_5",
    "mrr_6",
    "mrr_7",
    "mrr_8",
    "mrr_9",
    "mrr_10",
    "mrr_20"
  ],
  "loss": {
    "name": "listSD",

    "args": {
      "epoch": "a",
      "Parameters_Path": "b"
    }
  },
  "detect_anomaly": false,
  "expected_metrics" : {
    "val": {
      "ndcg_5": 0.1
    }
  }
}